<?xml version="1.0"?>
<DARoots Version="1" Minor="16">
	<FileSet Name="sources_1" Type="DesignSrcs" RelSrcDir="$PSRCDIR/sources_1">
		<Filter Type="EDIFSrcs"/>
		<File Path="$PPRDIR/../PrincipalEscomips.ngc">
		</File>
		<File Path="$PDATADIR/sources_1/ports.xml">
			<FileInfo SFType="PortsDb"/>
		</File>
		<File Path="$PDATADIR/sources_1/chipscope.xml">
			<FileInfo SFType="ChipscopeDb"/>
		</File>
		<Config>
			<Option Name="DesignMode" Val="GateLvl"/>
			<Option Name="GateLvlMode" Val="EDIF"/>
			<Option Name="TopFile" Val="$PPRDIR/../PrincipalEscomips.ngc"/>
			<Option Name="ConstrsType" Val="UCF"/>
			<Option Name="SrcSet" Val="sources_1"/>
		</Config>
	</FileSet>
</DARoots>

